"","ID","Gender","Confederate","Conf_session","BPQ","BCQ","Conf_BPQ","Conf_BCQ","video_code","M_similarity","M_entropy","Time","Role"
"1","114","male","B","4",46,11,94,8,"sub-114-Cl_1",0.887958554441606,0.0555162488205094,"1","Following"
"2","114","male","B","4",46,11,94,8,"sub-114-Cl_2",0.907114441182184,0.148986483073115,"2","Following"
"3","114","male","B","4",46,11,94,8,"sub-114-Cl_3",0.628564282656347,0.106808733772047,"3","Following"
"4","114","male","B","4",46,11,94,8,"sub-114-Cl_4",0.840611375601846,0.0384088163162783,"4","Following"
"5","114","male","B","4",46,11,94,8,"sub-114-Cl_5",0.735215617281872,0.0636882258926634,"5","Following"
"6","114","male","B","4",46,11,94,8,"sub-114-Cl_6",0.557028399453462,0.0873906027532342,"6","Following"
"7","114","male","B","4",46,11,94,8,"sub-114-Cl_7",0.81744247145518,0.10515621707895,"7","Following"
"8","114","male","B","4",46,11,94,8,"sub-114-Cl_8",0.77818361083915,0.0600730419796142,"8","Following"
"9","114","male","B","4",46,11,94,8,"sub-114-Cl_9",0.700890166841643,0.0560076261766072,"9","Following"
"10","114","male","B","4",46,11,94,8,"sub-114-Cl_10",0.851648582187633,0.0228558687137354,"10","Following"
"11","114","male","B","4",46,11,94,8,"sub-114-Pl_1",0.823903400168497,0.139020113098875,"1","Leading"
"12","114","male","B","4",46,11,94,8,"sub-114-Pl_2",0.85089493013643,0.248173293479771,"2","Leading"
"13","114","male","B","4",46,11,94,8,"sub-114-Pl_3",0.769084276874123,0.235010465303053,"3","Leading"
"14","114","male","B","4",46,11,94,8,"sub-114-Pl_4",0.876525738774788,0.207824249857877,"4","Leading"
"15","114","male","B","4",46,11,94,8,"sub-114-Pl_5",0.854086801489761,0.222959296562836,"5","Leading"
"16","114","male","B","4",46,11,94,8,"sub-114-Pl_6",0.822727866712377,0.193844390353979,"6","Leading"
"17","114","male","B","4",46,11,94,8,"sub-114-Pl_7",0.892468952699524,0.277866409532318,"7","Leading"
"18","114","male","B","4",46,11,94,8,"sub-114-Pl_8",0.951041729478269,0.271435525799884,"8","Leading"
"19","114","male","B","4",46,11,94,8,"sub-114-Pl_9",0.854483678854934,0.297865484124735,"9","Leading"
"20","114","male","B","4",46,11,94,8,"sub-114-Pl_10",0.752277770758113,0.229929114380575,"10","Leading"
"21","109","female","B","2",88,5,94,8,"sub-109-Cl_1",0.712902433764634,0.0902055817529487,"1","Following"
"22","109","female","B","2",88,5,94,8,"sub-109-Cl_2",0.697965734790879,0.121554158478706,"2","Following"
"23","109","female","B","2",88,5,94,8,"sub-109-Cl_3",0.569463623455305,0.128014038403335,"3","Following"
"24","109","female","B","2",88,5,94,8,"sub-109-Cl_4",0.652839117213775,0.0843626612545462,"4","Following"
"25","109","female","B","2",88,5,94,8,"sub-109-Cl_5",0.7733214540194,0.0506203813921168,"5","Following"
"26","109","female","B","2",88,5,94,8,"sub-109-Cl_6",0.801025708672821,0.0664178293891487,"6","Following"
"27","109","female","B","2",88,5,94,8,"sub-109-Cl_7",0.885854530716195,0.071088693056218,"7","Following"
"28","109","female","B","2",88,5,94,8,"sub-109-Cl_8",0.877716042005383,0.0349723047352042,"8","Following"
"29","109","female","B","2",88,5,94,8,"sub-109-Cl_9",0.818626493091555,0.0686403842800667,"9","Following"
"30","109","female","B","2",88,5,94,8,"sub-109-Cl_10",0.909937806938926,0.0387397491628005,"10","Following"
"31","109","female","B","2",88,5,94,8,"sub-109-Pl_1",0.851307782964768,0.0651482386161557,"1","Leading"
"32","109","female","B","2",88,5,94,8,"sub-109-Pl_2",0.732334955089626,0.095366015373457,"2","Leading"
"33","109","female","B","2",88,5,94,8,"sub-109-Pl_3",0.612063327690006,0.110176593660246,"3","Leading"
"34","109","female","B","2",88,5,94,8,"sub-109-Pl_4",0.670215753092053,0.114202959538509,"4","Leading"
"35","109","female","B","2",88,5,94,8,"sub-109-Pl_5",0.671670635819559,0.129828266371298,"5","Leading"
"36","109","female","B","2",88,5,94,8,"sub-109-Pl_6",0.566479450697934,0.193634457682774,"6","Leading"
"37","109","female","B","2",88,5,94,8,"sub-109-Pl_7",0.62163725662586,0.135731989653997,"7","Leading"
"38","109","female","B","2",88,5,94,8,"sub-109-Pl_8",0.531881331159011,0.115429612705125,"8","Leading"
"39","109","female","B","2",88,5,94,8,"sub-109-Pl_9",0.612152078179049,0.178814455737327,"9","Leading"
"40","109","female","B","2",88,5,94,8,"sub-109-Pl_10",0.738753435517274,0.146184327437097,"10","Leading"
"41","116","female","B","6",74,2,94,8,"sub-116-Cl_1",0.69902416483577,0.0569009601778044,"1","Following"
"42","116","female","B","6",74,2,94,8,"sub-116-Cl_2",0.919023449630531,0.0370449894562966,"2","Following"
"43","116","female","B","6",74,2,94,8,"sub-116-Cl_3",0.701409462936893,0.0744276210743012,"3","Following"
"44","116","female","B","6",74,2,94,8,"sub-116-Cl_4",0.708845502782933,0.0959268148761117,"4","Following"
"45","116","female","B","6",74,2,94,8,"sub-116-Cl_5",0.735066252930979,0.040926578493489,"5","Following"
"46","116","female","B","6",74,2,94,8,"sub-116-Cl_6",0.390536763970715,0.0797491480351526,"6","Following"
"47","116","female","B","6",74,2,94,8,"sub-116-Cl_7",0.687837556816006,0.0662675250572752,"7","Following"
"48","116","female","B","6",74,2,94,8,"sub-116-Cl_8",0.794679625984965,0.0317717914964179,"8","Following"
"49","116","female","B","6",74,2,94,8,"sub-116-Cl_9",0.7174890023766,0.0709375337824537,"9","Following"
"50","116","female","B","6",74,2,94,8,"sub-116-Cl_10",0.62750858104107,0.0812842968024986,"10","Following"
"51","116","female","B","6",74,2,94,8,"sub-116-Pl_1",0.649893693311708,0.0710306085178787,"1","Leading"
"52","116","female","B","6",74,2,94,8,"sub-116-Pl_2",0.87631792957859,0.0789007251311813,"2","Leading"
"53","116","female","B","6",74,2,94,8,"sub-116-Pl_3",0.859739887311458,0.108516278888757,"3","Leading"
"54","116","female","B","6",74,2,94,8,"sub-116-Pl_4",0.845160553239299,0.106142233848184,"4","Leading"
"55","116","female","B","6",74,2,94,8,"sub-116-Pl_5",0.921270466312276,0.0849631037199448,"5","Leading"
"56","116","female","B","6",74,2,94,8,"sub-116-Pl_6",0.954857475556731,0.100470024225163,"6","Leading"
"57","116","female","B","6",74,2,94,8,"sub-116-Pl_7",0.802020207904142,0.0612593583876051,"7","Leading"
"58","116","female","B","6",74,2,94,8,"sub-116-Pl_8",0.906632466743439,0.0797653870833156,"8","Leading"
"59","116","female","B","6",74,2,94,8,"sub-116-Pl_9",0.941108119752666,0.118445896837726,"9","Leading"
"60","126","male","A","13",93,10,38,8,"sub-126-Cl_1",0.904390035571717,0.05583183462646,"1","Following"
"61","126","male","A","13",93,10,38,8,"sub-126-Cl_2",0.793189831025604,0.030562553817278,"2","Following"
"62","126","male","A","13",93,10,38,8,"sub-126-Cl_3",0.92253946469316,0.0392792986575192,"3","Following"
"63","126","male","A","13",93,10,38,8,"sub-126-Cl_4",0.793765239848919,0.0337797842560118,"4","Following"
"64","126","male","A","13",93,10,38,8,"sub-126-Cl_5",0.807107157624947,0.0419879894073176,"5","Following"
"65","126","male","A","13",93,10,38,8,"sub-126-Cl_6",0.824533989684999,0.0304578011513306,"6","Following"
"66","126","male","A","13",93,10,38,8,"sub-126-Cl_7",0.859315731314127,0.025848143886093,"7","Following"
"67","126","male","A","13",93,10,38,8,"sub-126-Cl_8",0.781054903938497,0.0532484483382184,"8","Following"
"68","126","male","A","13",93,10,38,8,"sub-126-Cl_9",0.701058361738221,0.0363352661954248,"9","Following"
"69","126","male","A","13",93,10,38,8,"sub-126-Cl_10",0.814178394273577,0.0328112945518584,"10","Following"
"70","126","male","A","13",93,10,38,8,"sub-126-Pl_1",0.905564906660822,0.05468149159383,"1","Leading"
"71","126","male","A","13",93,10,38,8,"sub-126-Pl_2",0.908665639324206,0.0573118979498549,"2","Leading"
"72","126","male","A","13",93,10,38,8,"sub-126-Pl_3",0.841951217854537,0.0623504901636553,"3","Leading"
"73","126","male","A","13",93,10,38,8,"sub-126-Pl_4",0.828016016547472,0.0297728001826571,"4","Leading"
"74","126","male","A","13",93,10,38,8,"sub-126-Pl_5",0.948487436492648,0.0324885869768027,"5","Leading"
"75","126","male","A","13",93,10,38,8,"sub-126-Pl_6",0.936401836052331,0.0517560397245,"6","Leading"
"76","126","male","A","13",93,10,38,8,"sub-126-Pl_7",0.932236145492444,0.026337859207983,"7","Leading"
"77","126","male","A","13",93,10,38,8,"sub-126-Pl_8",0.926855806425092,0.0355856144826557,"8","Leading"
"78","126","male","A","13",93,10,38,8,"sub-126-Pl_9",0.929340660864578,0.0332644250766635,"9","Leading"
"79","126","male","A","13",93,10,38,8,"sub-126-Pl_10",0.921528160957098,0.0356120634421598,"10","Leading"
"80","125","male","B","13",89,11,94,8,"sub-125-Cl_1",0.705184263892105,0.0456724932083254,"1","Following"
"81","125","male","B","13",89,11,94,8,"sub-125-Cl_2",0.747536731655178,0.0241613800981665,"2","Following"
"82","125","male","B","13",89,11,94,8,"sub-125-Cl_3",0.967107796963545,0.0294014142678919,"3","Following"
"83","125","male","B","13",89,11,94,8,"sub-125-Cl_4",0.871355235514366,0.0373042725759029,"4","Following"
"84","125","male","B","13",89,11,94,8,"sub-125-Cl_5",0.746612773614744,0.0242720430341254,"5","Following"
"85","125","male","B","13",89,11,94,8,"sub-125-Cl_6",0.763527440284242,0.0252275292488246,"6","Following"
"86","125","male","B","13",89,11,94,8,"sub-125-Cl_7",0.639032986219957,0.0245968451320825,"7","Following"
"87","125","male","B","13",89,11,94,8,"sub-125-Cl_8",0.767740160358732,0.0278420183625723,"8","Following"
"88","125","male","B","13",89,11,94,8,"sub-125-Cl_9",0.803340750082251,0.0305652062091141,"9","Following"
"89","125","male","B","13",89,11,94,8,"sub-125-Cl_10",0.936464245897937,0.0272199358654707,"10","Following"
"90","125","male","B","13",89,11,94,8,"sub-125-Pl_1",0.887999274067583,0.0211124424108162,"1","Leading"
"91","125","male","B","13",89,11,94,8,"sub-125-Pl_2",0.91487275389063,0.052313245145661,"2","Leading"
"92","125","male","B","13",89,11,94,8,"sub-125-Pl_3",0.937094490417375,0.0384244005583997,"3","Leading"
"93","125","male","B","13",89,11,94,8,"sub-125-Pl_4",0.951130858704704,0.039508867112961,"4","Leading"
"94","125","male","B","13",89,11,94,8,"sub-125-Pl_5",0.946929417312857,0.0366487309792558,"5","Leading"
"95","125","male","B","13",89,11,94,8,"sub-125-Pl_6",0.950478031415442,0.0357181859240794,"6","Leading"
"96","125","male","B","13",89,11,94,8,"sub-125-Pl_7",0.930534281848722,0.0377276707197848,"7","Leading"
"97","125","male","B","13",89,11,94,8,"sub-125-Pl_8",0.980695822745695,0.0463947237147449,"8","Leading"
"98","125","male","B","13",89,11,94,8,"sub-125-Pl_9",0.946219309493185,0.0457450820318811,"9","Leading"
"99","125","male","B","13",89,11,94,8,"sub-125-Pl_10",0.918693695100806,0.0670460967495576,"10","Leading"
"100","111","male","A","8",58,8,38,8,"sub-111-Cl_1",0.637921145327572,0.0677703013000097,"1","Following"
"101","111","male","A","8",58,8,38,8,"sub-111-Cl_2",0.642727493921368,0.0591617309640749,"2","Following"
"102","111","male","A","8",58,8,38,8,"sub-111-Cl_3",0.687152242490124,0.0596989423273292,"3","Following"
"103","111","male","A","8",58,8,38,8,"sub-111-Cl_4",0.755318834625246,0.0515221384893821,"4","Following"
"104","111","male","A","8",58,8,38,8,"sub-111-Cl_5",0.72941700116741,0.0595753485029865,"5","Following"
"105","111","male","A","8",58,8,38,8,"sub-111-Cl_6",0.822392964093615,0.0331844698298937,"6","Following"
"106","111","male","A","8",58,8,38,8,"sub-111-Cl_7",0.818398189177402,0.0816559937336382,"7","Following"
"107","111","male","A","8",58,8,38,8,"sub-111-Cl_8",0.776943082866893,0.0479131681462427,"8","Following"
"108","111","male","A","8",58,8,38,8,"sub-111-Cl_9",0.709189642177844,0.052816411335775,"9","Following"
"109","111","male","A","8",58,8,38,8,"sub-111-Cl_10",0.820757225215617,0.0619939736779749,"10","Following"
"110","111","male","A","8",58,8,38,8,"sub-111-Pl_1",0.740788507426016,0.0661117214156663,"1","Leading"
"111","111","male","A","8",58,8,38,8,"sub-111-Pl_2",0.626162939387114,0.101741987618826,"2","Leading"
"112","111","male","A","8",58,8,38,8,"sub-111-Pl_3",0.726484222414287,0.066446257644402,"3","Leading"
"113","111","male","A","8",58,8,38,8,"sub-111-Pl_4",0.756550892820097,0.0815153343465236,"4","Leading"
"114","111","male","A","8",58,8,38,8,"sub-111-Pl_5",0.748651339205311,0.061741534279666,"5","Leading"
"115","111","male","A","8",58,8,38,8,"sub-111-Pl_6",0.853400765888582,0.065754214792907,"6","Leading"
"116","111","male","A","8",58,8,38,8,"sub-111-Pl_7",0.777967597497149,0.0836898921639214,"7","Leading"
"117","111","male","A","8",58,8,38,8,"sub-111-Pl_8",0.816126961538642,0.0474326884144779,"8","Leading"
"118","111","male","A","8",58,8,38,8,"sub-111-Pl_9",0.730570286482447,0.0629754610396926,"9","Leading"
"119","111","male","A","8",58,8,38,8,"sub-111-Pl_10",0.749920100312217,0.0666804339941355,"10","Leading"
"120","101","male","A","1",43,10,38,8,"sub-101-Cl_1",0.776771285687672,0.0617275234091811,"1","Following"
"121","101","male","A","1",43,10,38,8,"sub-101-Cl_2",0.808419123311888,0.0731022121537497,"2","Following"
"122","101","male","A","1",43,10,38,8,"sub-101-Cl_3",0.826780441393928,0.0336035549637162,"3","Following"
"123","101","male","A","1",43,10,38,8,"sub-101-Cl_4",0.757930254613086,0.0477120768693018,"4","Following"
"124","101","male","A","1",43,10,38,8,"sub-101-Cl_5",0.712388958190558,0.0706344600306975,"5","Following"
"125","101","male","A","1",43,10,38,8,"sub-101-Cl_6",0.710602181804717,0.054612454740837,"6","Following"
"126","101","male","A","1",43,10,38,8,"sub-101-Cl_7",0.726109774011615,0.0475725332034138,"7","Following"
"127","101","male","A","1",43,10,38,8,"sub-101-Cl_8",0.775314668780876,0.0517515943774306,"8","Following"
"128","101","male","A","1",43,10,38,8,"sub-101-Cl_9",0.757393851461112,0.0696605564206506,"9","Following"
"129","101","male","A","1",43,10,38,8,"sub-101-Cl_10",0.770329109156606,0.0498824327927189,"10","Following"
"130","101","male","A","1",43,10,38,8,"sub-101-Pl_1",0.867650182445499,0.0374143662080365,"1","Leading"
"131","101","male","A","1",43,10,38,8,"sub-101-Pl_2",0.820417224081314,0.0532366805812647,"2","Leading"
"132","101","male","A","1",43,10,38,8,"sub-101-Pl_3",0.849206647811577,0.0602853723365633,"3","Leading"
"133","101","male","A","1",43,10,38,8,"sub-101-Pl_4",0.803725158173319,0.0601563539062822,"4","Leading"
"134","101","male","A","1",43,10,38,8,"sub-101-Pl_5",0.767967600959398,0.066081941259083,"5","Leading"
"135","101","male","A","1",43,10,38,8,"sub-101-Pl_6",0.799154235702349,0.0518707806603673,"6","Leading"
"136","101","male","A","1",43,10,38,8,"sub-101-Pl_7",0.739877138580361,0.067058219645111,"7","Leading"
"137","101","male","A","1",43,10,38,8,"sub-101-Pl_8",0.746315469350266,0.0621992451630499,"8","Leading"
"138","101","male","A","1",43,10,38,8,"sub-101-Pl_9",0.793403558620759,0.0490964770767531,"9","Leading"
"139","101","male","A","1",43,10,38,8,"sub-101-Pl_10",0.934956302635832,0.0484086662887131,"10","Leading"
"140","121","male","B","9",72,10,94,8,"sub-121-Cl_1",0.912044953086199,0.127620135846054,"1","Following"
"141","121","male","B","9",72,10,94,8,"sub-121-Cl_2",0.759866143978144,0.0442762397595679,"2","Following"
"142","121","male","B","9",72,10,94,8,"sub-121-Cl_3",0.843011445203029,0.0632680404827491,"3","Following"
"143","121","male","B","9",72,10,94,8,"sub-121-Cl_4",0.789156583479452,0.148946854733199,"4","Following"
"144","121","male","B","9",72,10,94,8,"sub-121-Cl_5",0.919976439280406,0.0838231340217581,"5","Following"
"145","121","male","B","9",72,10,94,8,"sub-121-Cl_6",0.848420855749494,0.0783253752568739,"6","Following"
"146","121","male","B","9",72,10,94,8,"sub-121-Cl_7",0.851933114794761,0.135054089661074,"7","Following"
"147","121","male","B","9",72,10,94,8,"sub-121-Cl_8",0.839927288760533,0.118931993798939,"8","Following"
"148","121","male","B","9",72,10,94,8,"sub-121-Cl_9",0.821935258480249,0.0769383062315785,"9","Following"
"149","121","male","B","9",72,10,94,8,"sub-121-Cl_10",0.78358571248179,0.0844726478724179,"10","Following"
"150","121","male","B","9",72,10,94,8,"sub-121-Pl_1",0.883227743482212,0.0931611804843716,"1","Leading"
"151","121","male","B","9",72,10,94,8,"sub-121-Pl_2",0.691598035624955,0.0723753646828283,"2","Leading"
"152","121","male","B","9",72,10,94,8,"sub-121-Pl_3",0.847788377848779,0.0815629262452598,"3","Leading"
"153","121","male","B","9",72,10,94,8,"sub-121-Pl_4",0.742609054382804,0.0508063037612896,"4","Leading"
"154","121","male","B","9",72,10,94,8,"sub-121-Pl_5",0.799584371271841,0.076445438268622,"5","Leading"
"155","121","male","B","9",72,10,94,8,"sub-121-Pl_6",0.675825388100831,0.196644215763417,"6","Leading"
"156","121","male","B","9",72,10,94,8,"sub-121-Pl_7",0.830532016825132,0.0369613010690706,"7","Leading"
"157","121","male","B","9",72,10,94,8,"sub-121-Pl_8",0.909509593390715,0.0454299015412674,"8","Leading"
"158","121","male","B","9",72,10,94,8,"sub-121-Pl_9",0.791674985898146,0.03055587913799,"9","Leading"
"159","121","male","B","9",72,10,94,8,"sub-121-Pl_10",0.813016467765489,0.060024856770254,"10","Leading"
"160","124","male","B","12",70,7,94,8,"sub-124-Cl_1",0.49649579134683,0.0840831511038954,"1","Following"
"161","124","male","B","12",70,7,94,8,"sub-124-Cl_2",0.730756299827385,0.0499937420787036,"2","Following"
"162","124","male","B","12",70,7,94,8,"sub-124-Cl_3",0.916932661835261,0.0350551105708296,"3","Following"
"163","124","male","B","12",70,7,94,8,"sub-124-Cl_4",0.803693823196888,0.0406493201927384,"4","Following"
"164","124","male","B","12",70,7,94,8,"sub-124-Cl_5",0.66745886319777,0.0439594292101624,"5","Following"
"165","124","male","B","12",70,7,94,8,"sub-124-Cl_6",0.798504701822712,0.0376296370735945,"6","Following"
"166","124","male","B","12",70,7,94,8,"sub-124-Cl_7",0.846036344112997,0.0397415098366072,"7","Following"
"167","124","male","B","12",70,7,94,8,"sub-124-Cl_8",0.868709343839487,0.05828816057185,"8","Following"
"168","124","male","B","12",70,7,94,8,"sub-124-Cl_9",0.815681288009374,0.0674932070114226,"9","Following"
"169","124","male","B","12",70,7,94,8,"sub-124-Cl_10",0.788550835452089,0.0618379396316792,"10","Following"
"170","124","male","B","12",70,7,94,8,"sub-124-Pl_1",0.888683910985656,0.0378358974310859,"1","Leading"
"171","124","male","B","12",70,7,94,8,"sub-124-Pl_2",0.816874892865481,0.0362990343400049,"2","Leading"
"172","124","male","B","12",70,7,94,8,"sub-124-Pl_3",0.88217564544243,0.0538128765295558,"3","Leading"
"173","124","male","B","12",70,7,94,8,"sub-124-Pl_4",0.713084401128314,0.0326133388272936,"4","Leading"
"174","124","male","B","12",70,7,94,8,"sub-124-Pl_5",0.679411693112965,0.0678286171216724,"5","Leading"
"175","124","male","B","12",70,7,94,8,"sub-124-Pl_6",0.79260220264114,0.0407604383881097,"6","Leading"
"176","124","male","B","12",70,7,94,8,"sub-124-Pl_7",0.803399592558473,0.0646494988278507,"7","Leading"
"177","124","male","B","12",70,7,94,8,"sub-124-Pl_8",0.701872206693709,0.0659920612234844,"8","Leading"
"178","124","male","B","12",70,7,94,8,"sub-124-Pl_9",0.840679666933355,0.0509940094512309,"9","Leading"
"179","124","male","B","12",70,7,94,8,"sub-124-Pl_10",0.759028588819853,0.0447025053436411,"10","Leading"
"180","106","female","A","6",58,12,38,8,"sub-106-Cl_1",0.877675509317811,0.0564601288337579,"1","Following"
"181","106","female","A","6",58,12,38,8,"sub-106-Cl_2",0.810013336903488,0.0743084732287159,"2","Following"
"182","106","female","A","6",58,12,38,8,"sub-106-Cl_3",0.694213616565369,0.0915264252145945,"3","Following"
"183","106","female","A","6",58,12,38,8,"sub-106-Cl_4",0.873322234063524,0.0503684506651539,"4","Following"
"184","106","female","A","6",58,12,38,8,"sub-106-Cl_5",0.750391709556686,0.115585483575107,"5","Following"
"185","106","female","A","6",58,12,38,8,"sub-106-Cl_6",0.764877713926124,0.127861718457529,"6","Following"
"186","106","female","A","6",58,12,38,8,"sub-106-Cl_7",0.750002754853464,0.12993500549687,"7","Following"
"187","106","female","A","6",58,12,38,8,"sub-106-Cl_8",0.847743812198474,0.0561370616572297,"8","Following"
"188","106","female","A","6",58,12,38,8,"sub-106-Cl_9",0.748005696280108,0.0813594756948143,"9","Following"
"189","106","female","A","6",58,12,38,8,"sub-106-Cl_10",0.753825141101516,0.0564753550411689,"10","Following"
"190","106","female","A","6",58,12,38,8,"sub-106-Pl_1",0.929133582886959,0.0628547669901768,"1","Leading"
"191","106","female","A","6",58,12,38,8,"sub-106-Pl_2",0.970823388720185,0.0620100732830542,"2","Leading"
"192","106","female","A","6",58,12,38,8,"sub-106-Pl_3",0.930642584697559,0.0653827214050295,"3","Leading"
"193","106","female","A","6",58,12,38,8,"sub-106-Pl_4",0.931086916177309,0.056842066797355,"4","Leading"
"194","106","female","A","6",58,12,38,8,"sub-106-Pl_5",0.92170778285862,0.0428876774051882,"5","Leading"
"195","106","female","A","6",58,12,38,8,"sub-106-Pl_6",0.951897697614058,0.0681976909740645,"6","Leading"
"196","106","female","A","6",58,12,38,8,"sub-106-Pl_7",0.946116807308052,0.043494379949197,"7","Leading"
"197","106","female","A","6",58,12,38,8,"sub-106-Pl_8",0.944685657012787,0.0472386448091685,"8","Leading"
"198","106","female","A","6",58,12,38,8,"sub-106-Pl_9",0.956078688178465,0.0657618281902755,"9","Leading"
"199","106","female","A","6",58,12,38,8,"sub-106-Pl_10",0.932366510694194,0.0584472835655117,"10","Leading"
"200","118","female","B","7",39,8,94,8,"sub-118-Cl_1",0.862777653547475,0.0263874902237912,"1","Following"
"201","118","female","B","7",39,8,94,8,"sub-118-Cl_2",0.747224656935639,0.0369777579547969,"2","Following"
"202","118","female","B","7",39,8,94,8,"sub-118-Cl_3",0.720354214597652,0.067968238525605,"3","Following"
"203","118","female","B","7",39,8,94,8,"sub-118-Cl_4",0.918891429769745,0.0880813199120539,"4","Following"
"204","118","female","B","7",39,8,94,8,"sub-118-Cl_5",0.779336336708784,0.0776748690635067,"5","Following"
"205","118","female","B","7",39,8,94,8,"sub-118-Cl_6",0.71341359255155,0.0471897950727224,"6","Following"
"206","118","female","B","7",39,8,94,8,"sub-118-Cl_7",0.612118482403537,0.0643486742954575,"7","Following"
"207","118","female","B","7",39,8,94,8,"sub-118-Cl_8",0.725371057859071,0.0580252256881178,"8","Following"
"208","118","female","B","7",39,8,94,8,"sub-118-Cl_9",0.869548535796771,0.0558192553339322,"9","Following"
"209","118","female","B","7",39,8,94,8,"sub-118-Cl_10",0.855894618098251,0.0462968444739654,"10","Following"
"210","118","female","B","7",39,8,94,8,"sub-118-Pl_1",0.901339212158436,0.0512801657123265,"1","Leading"
"211","118","female","B","7",39,8,94,8,"sub-118-Pl_2",0.900119925380353,0.0549913705173368,"2","Leading"
"212","118","female","B","7",39,8,94,8,"sub-118-Pl_3",0.924610195577347,0.084633735073787,"3","Leading"
"213","118","female","B","7",39,8,94,8,"sub-118-Pl_4",0.949143977526752,0.0639938396357931,"4","Leading"
"214","118","female","B","7",39,8,94,8,"sub-118-Pl_5",0.91277718068159,0.0508799376906968,"5","Leading"
"215","118","female","B","7",39,8,94,8,"sub-118-Pl_6",0.932123393164043,0.0283759604581826,"6","Leading"
"216","118","female","B","7",39,8,94,8,"sub-118-Pl_7",0.91556221482588,0.216145485575806,"7","Leading"
"217","118","female","B","7",39,8,94,8,"sub-118-Pl_8",0.90330519795745,0.0593762783598133,"8","Leading"
"218","118","female","B","7",39,8,94,8,"sub-118-Pl_9",0.913254968424831,0.0366931422794811,"9","Leading"
"219","118","female","B","7",39,8,94,8,"sub-118-Pl_10",0.943886723183431,0.0892627533025124,"10","Leading"
"220","130","male","B","15",76,11,94,8,"sub-130-Cl_1",0.834343162310598,0.040340444941355,"1","Following"
"221","130","male","B","15",76,11,94,8,"sub-130-Cl_2",0.766687960094114,0.0482096997570744,"2","Following"
"222","130","male","B","15",76,11,94,8,"sub-130-Cl_3",0.8022619654024,0.0569509689660694,"3","Following"
"223","130","male","B","15",76,11,94,8,"sub-130-Cl_4",0.797407219103066,0.0743966974654783,"4","Following"
"224","130","male","B","15",76,11,94,8,"sub-130-Cl_5",0.937380345701017,0.0593481321616178,"5","Following"
"225","130","male","B","15",76,11,94,8,"sub-130-Cl_6",0.906188868067062,0.067586351438787,"6","Following"
"226","130","male","B","15",76,11,94,8,"sub-130-Cl_7",0.822527572851275,0.0920650590242246,"7","Following"
"227","130","male","B","15",76,11,94,8,"sub-130-Cl_8",0.765805335789951,0.0665012005095766,"8","Following"
"228","130","male","B","15",76,11,94,8,"sub-130-Cl_9",0.800639527830188,0.087682592780643,"9","Following"
"229","130","male","B","15",76,11,94,8,"sub-130-Cl_10",0.864207402855584,0.12742355689362,"10","Following"
"230","130","male","B","15",76,11,94,8,"sub-130-Pl_1",0.895833386671243,0.0792672624024544,"1","Leading"
"231","130","male","B","15",76,11,94,8,"sub-130-Pl_2",0.799674266029346,0.13807296354587,"2","Leading"
"232","130","male","B","15",76,11,94,8,"sub-130-Pl_3",0.830536113624581,0.0333837878502096,"3","Leading"
"233","130","male","B","15",76,11,94,8,"sub-130-Pl_4",0.86307953179643,0.0542162790747506,"4","Leading"
"234","130","male","B","15",76,11,94,8,"sub-130-Pl_5",0.874897652678315,0.030856913080422,"5","Leading"
"235","130","male","B","15",76,11,94,8,"sub-130-Pl_6",0.856108847987707,0.0479004813192939,"6","Leading"
"236","130","male","B","15",76,11,94,8,"sub-130-Pl_7",0.852332833126186,0.0430788382062289,"7","Leading"
"237","130","male","B","15",76,11,94,8,"sub-130-Pl_8",0.880655224330885,0.0708900635612697,"8","Leading"
"238","130","male","B","15",76,11,94,8,"sub-130-Pl_9",0.874242646795833,0.0338883511083074,"9","Leading"
"239","130","male","B","15",76,11,94,8,"sub-130-Pl_10",0.860341029463644,0.0441557032670487,"10","Leading"
"240","103","female","A","3",65,10,38,8,"sub-103-Cl_1",0.824491361024587,0.0584143805078609,"1","Following"
"241","103","female","A","3",65,10,38,8,"sub-103-Cl_2",0.795874132983713,0.068811962454045,"2","Following"
"242","103","female","A","3",65,10,38,8,"sub-103-Cl_3",0.788907983252663,0.0794142255766693,"3","Following"
"243","103","female","A","3",65,10,38,8,"sub-103-Cl_4",0.724022788568175,0.12504618767176,"4","Following"
"244","103","female","A","3",65,10,38,8,"sub-103-Cl_5",0.817849359136207,0.0576456839638432,"5","Following"
"245","103","female","A","3",65,10,38,8,"sub-103-Cl_6",0.868377566783077,0.0682098691059228,"6","Following"
"246","103","female","A","3",65,10,38,8,"sub-103-Cl_7",0.753757464209232,0.108766232676141,"7","Following"
"247","103","female","A","3",65,10,38,8,"sub-103-Cl_8",0.907943335139747,0.0772311423566133,"8","Following"
"248","103","female","A","3",65,10,38,8,"sub-103-Cl_9",0.882421236140335,0.0775654051004156,"9","Following"
"249","103","female","A","3",65,10,38,8,"sub-103-Cl_10",0.857798432769359,0.0954535430940409,"10","Following"
"250","103","female","A","3",65,10,38,8,"sub-103-Pl_1",0.772704137100375,0.0728343280076901,"1","Leading"
"251","103","female","A","3",65,10,38,8,"sub-103-Pl_2",0.731175028466229,0.119200046582624,"2","Leading"
"252","103","female","A","3",65,10,38,8,"sub-103-Pl_3",0.672073780390054,0.148571723608104,"3","Leading"
"253","103","female","A","3",65,10,38,8,"sub-103-Pl_4",0.770540762857212,0.13777415344786,"4","Leading"
"254","103","female","A","3",65,10,38,8,"sub-103-Pl_5",0.804874084543777,0.0896808450967392,"5","Leading"
"255","103","female","A","3",65,10,38,8,"sub-103-Pl_6",0.865659316654943,0.0910022079924941,"6","Leading"
"256","103","female","A","3",65,10,38,8,"sub-103-Pl_7",0.65863829594996,0.110725480054783,"7","Leading"
"257","103","female","A","3",65,10,38,8,"sub-103-Pl_8",0.772790496186939,0.112441698789955,"8","Leading"
"258","103","female","A","3",65,10,38,8,"sub-103-Pl_9",0.703202092789387,0.0898381899706966,"9","Leading"
"259","103","female","A","3",65,10,38,8,"sub-103-Pl_10",0.78112834697442,0.0847473811081024,"10","Leading"
"260","115","female","B","5",101,2,94,8,"sub-115-Cl_1",0.759652606037097,0.0619433388322301,"1","Following"
"261","115","female","B","5",101,2,94,8,"sub-115-Cl_2",0.803143887360263,0.0643979044294645,"2","Following"
"262","115","female","B","5",101,2,94,8,"sub-115-Cl_3",0.794775593180159,0.0398587593797509,"3","Following"
"263","115","female","B","5",101,2,94,8,"sub-115-Cl_4",0.772746047633514,0.047827162834821,"4","Following"
"264","115","female","B","5",101,2,94,8,"sub-115-Cl_5",0.793908171886264,0.121695617815682,"5","Following"
"265","115","female","B","5",101,2,94,8,"sub-115-Cl_6",0.900417535898874,0.0558346853105573,"6","Following"
"266","115","female","B","5",101,2,94,8,"sub-115-Cl_7",0.958351826604203,0.040954522960593,"7","Following"
"267","115","female","B","5",101,2,94,8,"sub-115-Cl_8",0.552090199522868,0.0555167885246193,"8","Following"
"268","115","female","B","5",101,2,94,8,"sub-115-Cl_9",0.602433835795727,0.0666928023879284,"9","Following"
"269","115","female","B","5",101,2,94,8,"sub-115-Cl_10",0.795271866602569,0.059005378125015,"10","Following"
"270","115","female","B","5",101,2,94,8,"sub-115-Pl_1",0.827894569685091,0.0791892185393525,"1","Leading"
"271","115","female","B","5",101,2,94,8,"sub-115-Pl_2",0.745195906350045,0.0912079671768562,"2","Leading"
"272","115","female","B","5",101,2,94,8,"sub-115-Pl_3",0.667867998764297,0.0840102075475804,"3","Leading"
"273","115","female","B","5",101,2,94,8,"sub-115-Pl_4",0.705958462809304,0.0676285797905598,"4","Leading"
"274","115","female","B","5",101,2,94,8,"sub-115-Pl_5",0.747950687585272,0.0730430302710669,"5","Leading"
"275","115","female","B","5",101,2,94,8,"sub-115-Pl_6",0.764666286415991,0.0476216935186395,"6","Leading"
"276","115","female","B","5",101,2,94,8,"sub-115-Pl_7",0.872462134719534,0.064995100607655,"7","Leading"
"277","115","female","B","5",101,2,94,8,"sub-115-Pl_8",0.901822276557546,0.103804141917529,"8","Leading"
"278","115","female","B","5",101,2,94,8,"sub-115-Pl_9",0.813501476708938,0.0979397861490777,"9","Leading"
"279","115","female","B","5",101,2,94,8,"sub-115-Pl_10",0.725662214694341,0.0783388392484947,"10","Leading"
"280","102","male","A","2",53,5,38,8,"sub-102-Cl_1",0.807194457409094,0.0305906365493918,"1","Following"
"281","102","male","A","2",53,5,38,8,"sub-102-Cl_2",0.719181617030475,0.0727278766654585,"2","Following"
"282","102","male","A","2",53,5,38,8,"sub-102-Cl_3",0.72698433868934,0.0838736146277628,"3","Following"
"283","102","male","A","2",53,5,38,8,"sub-102-Cl_4",0.849913243343627,0.0625966150242318,"4","Following"
"284","102","male","A","2",53,5,38,8,"sub-102-Cl_5",0.778455082176962,0.0703799241157201,"5","Following"
"285","102","male","A","2",53,5,38,8,"sub-102-Cl_6",0.759454155600325,0.0539475375653835,"6","Following"
"286","102","male","A","2",53,5,38,8,"sub-102-Cl_7",0.667725300003317,0.0548873332544055,"7","Following"
"287","102","male","A","2",53,5,38,8,"sub-102-Cl_8",0.750866732945548,0.0880079060997381,"8","Following"
"288","102","male","A","2",53,5,38,8,"sub-102-Cl_9",0.751792864341061,0.064454851431751,"9","Following"
"289","102","male","A","2",53,5,38,8,"sub-102-Cl_10",0.655798291925533,0.128417388326651,"10","Following"
"290","102","male","A","2",53,5,38,8,"sub-102-Pl_1",0.713232847079513,0.0567329407860083,"1","Leading"
"291","102","male","A","2",53,5,38,8,"sub-102-Pl_2",0.756646462509956,0.0804314453865415,"2","Leading"
"292","102","male","A","2",53,5,38,8,"sub-102-Pl_3",0.84439308117042,0.0686542025725648,"3","Leading"
"293","102","male","A","2",53,5,38,8,"sub-102-Pl_4",0.873396804432653,0.0546082922205527,"4","Leading"
"294","102","male","A","2",53,5,38,8,"sub-102-Pl_5",0.850290985655948,0.0596692784496856,"5","Leading"
"295","102","male","A","2",53,5,38,8,"sub-102-Pl_6",0.833854669115611,0.0663574436525414,"6","Leading"
"296","102","male","A","2",53,5,38,8,"sub-102-Pl_7",0.92169858202041,0.0459266533937395,"7","Leading"
"297","102","male","A","2",53,5,38,8,"sub-102-Pl_8",0.902339658906686,0.0289771663081714,"8","Leading"
"298","102","male","A","2",53,5,38,8,"sub-102-Pl_9",0.835706131242209,0.0644492369016238,"9","Leading"
"299","102","male","A","2",53,5,38,8,"sub-102-Pl_10",0.689778521783306,0.0823958379563742,"10","Leading"
"300","107","female","A","7",78,9,38,8,"sub-107-Cl_1",0.712630286372818,0.0505204108748468,"1","Following"
"301","107","female","A","7",78,9,38,8,"sub-107-Cl_2",0.704142604299945,0.0652318524640831,"2","Following"
"302","107","female","A","7",78,9,38,8,"sub-107-Cl_3",0.591387766397096,0.0707334296324849,"3","Following"
"303","107","female","A","7",78,9,38,8,"sub-107-Cl_4",0.878683080165909,0.0670186182705407,"4","Following"
"304","107","female","A","7",78,9,38,8,"sub-107-Cl_5",0.824445731878367,0.0671773259832196,"5","Following"
"305","107","female","A","7",78,9,38,8,"sub-107-Cl_6",0.64973847394879,0.0923667137927093,"6","Following"
"306","107","female","A","7",78,9,38,8,"sub-107-Cl_7",0.716671963908972,0.123976271722263,"7","Following"
"307","107","female","A","7",78,9,38,8,"sub-107-Cl_8",0.818280011991574,0.0842594442645612,"8","Following"
"308","107","female","A","7",78,9,38,8,"sub-107-Cl_9",0.813514359419476,0.0361678990896028,"9","Following"
"309","107","female","A","7",78,9,38,8,"sub-107-Cl_10",0.812478974567951,0.0827009909130441,"10","Following"
"310","107","female","A","7",78,9,38,8,"sub-107-Pl_1",0.862670568292691,0.0313771291725738,"1","Leading"
"311","107","female","A","7",78,9,38,8,"sub-107-Pl_2",0.720368624872745,0.139678622817941,"2","Leading"
"312","107","female","A","7",78,9,38,8,"sub-107-Pl_3",0.801743845101555,0.0927193257711358,"3","Leading"
"313","107","female","A","7",78,9,38,8,"sub-107-Pl_4",0.843574275973609,0.122091659215598,"4","Leading"
"314","107","female","A","7",78,9,38,8,"sub-107-Pl_5",0.756987540510385,0.105947273197101,"5","Leading"
"315","107","female","A","7",78,9,38,8,"sub-107-Pl_6",0.735354001190584,0.0943671240232477,"6","Leading"
"316","107","female","A","7",78,9,38,8,"sub-107-Pl_7",0.766072458456915,0.0820329666032795,"7","Leading"
"317","107","female","A","7",78,9,38,8,"sub-107-Pl_8",0.741126299699267,0.0640589583930376,"8","Leading"
"318","107","female","A","7",78,9,38,8,"sub-107-Pl_9",0.816470328467499,0.127339176693944,"9","Leading"
"319","107","female","A","7",78,9,38,8,"sub-107-Pl_10",0.859599100351359,0.080970589873985,"10","Leading"
"320","120","male","A","12",48,15,38,8,"sub-120-Cl_1",0.79582723677359,0.0765313351620794,"1","Following"
"321","120","male","A","12",48,15,38,8,"sub-120-Cl_2",0.848082500856616,0.0478439894469773,"2","Following"
"322","120","male","A","12",48,15,38,8,"sub-120-Cl_3",0.807303299221519,0.0706724651237664,"3","Following"
"323","120","male","A","12",48,15,38,8,"sub-120-Cl_4",0.862651778434552,0.0798454245413817,"4","Following"
"324","120","male","A","12",48,15,38,8,"sub-120-Cl_5",0.88262907702453,0.0289359900496938,"5","Following"
"325","120","male","A","12",48,15,38,8,"sub-120-Cl_6",0.87711817351539,0.0399858852042957,"6","Following"
"326","120","male","A","12",48,15,38,8,"sub-120-Cl_7",0.876973171550834,0.0668981368652457,"7","Following"
"327","120","male","A","12",48,15,38,8,"sub-120-Cl_8",0.747911176089757,0.0561938171311797,"8","Following"
"328","120","male","A","12",48,15,38,8,"sub-120-Cl_9",0.866695494834136,0.0439117798497147,"9","Following"
"329","120","male","A","12",48,15,38,8,"sub-120-Cl_10",0.798680779398194,0.0688674406259195,"10","Following"
"330","120","male","A","12",48,15,38,8,"sub-120-Pl_1",0.874712560180017,0.0629098876251304,"1","Leading"
"331","120","male","A","12",48,15,38,8,"sub-120-Pl_2",0.743193210199554,0.0321239814925939,"2","Leading"
"332","120","male","A","12",48,15,38,8,"sub-120-Pl_3",0.723404224603592,0.104689692649154,"3","Leading"
"333","120","male","A","12",48,15,38,8,"sub-120-Pl_4",0.852439535293132,0.0327435092056036,"4","Leading"
"334","120","male","A","12",48,15,38,8,"sub-120-Pl_5",0.84361439111957,0.0496161764152507,"5","Leading"
"335","120","male","A","12",48,15,38,8,"sub-120-Pl_6",0.674417844777755,0.0364127944672176,"6","Leading"
"336","120","male","A","12",48,15,38,8,"sub-120-Pl_7",0.702766298831401,0.0377788631526878,"7","Leading"
"337","120","male","A","12",48,15,38,8,"sub-120-Pl_8",0.835212377540886,0.0201312245354982,"8","Leading"
"338","120","male","A","12",48,15,38,8,"sub-120-Pl_9",0.862591867508106,0.0564711747442858,"9","Leading"
"339","120","male","A","12",48,15,38,8,"sub-120-Pl_10",0.707907565197784,0.0369893316753446,"10","Leading"
"340","119","male","B","8",100,14,94,8,"sub-119-Cl_1",0.856216988673138,0.0629469634085267,"1","Following"
"341","119","male","B","8",100,14,94,8,"sub-119-Cl_2",0.915976546519428,0.151571423548254,"2","Following"
"342","119","male","B","8",100,14,94,8,"sub-119-Cl_3",0.867177958795081,0.125611229633219,"3","Following"
"343","119","male","B","8",100,14,94,8,"sub-119-Cl_4",0.792219779803311,0.0911499264328594,"4","Following"
"344","119","male","B","8",100,14,94,8,"sub-119-Cl_5",0.928419013783973,0.0934461038354991,"5","Following"
"345","119","male","B","8",100,14,94,8,"sub-119-Cl_6",0.808562011280006,0.0730583584806912,"6","Following"
"346","119","male","B","8",100,14,94,8,"sub-119-Cl_7",0.847968678087375,0.0942371722116391,"7","Following"
"347","119","male","B","8",100,14,94,8,"sub-119-Cl_8",0.752731799812999,0.0913041240030011,"8","Following"
"348","119","male","B","8",100,14,94,8,"sub-119-Cl_9",0.818320359861584,0.0886011134909278,"9","Following"
"349","119","male","B","8",100,14,94,8,"sub-119-Cl_10",0.814043210621184,0.0891206999701147,"10","Following"
"350","119","male","B","8",100,14,94,8,"sub-119-Pl_1",0.834199375238212,0.0994401161641483,"1","Leading"
"351","119","male","B","8",100,14,94,8,"sub-119-Pl_2",0.86758843949334,0.0557924186531802,"2","Leading"
"352","119","male","B","8",100,14,94,8,"sub-119-Pl_3",0.875348796027872,0.0472321661112105,"3","Leading"
"353","119","male","B","8",100,14,94,8,"sub-119-Pl_4",0.884123598361862,0.0470398175408649,"4","Leading"
"354","119","male","B","8",100,14,94,8,"sub-119-Pl_5",0.828273944630531,0.0423640383108342,"5","Leading"
"355","119","male","B","8",100,14,94,8,"sub-119-Pl_6",0.78066349457021,0.0451761978301696,"6","Leading"
"356","119","male","B","8",100,14,94,8,"sub-119-Pl_7",0.653245292451373,0.0672635923122005,"7","Leading"
"357","119","male","B","8",100,14,94,8,"sub-119-Pl_8",0.769855998333402,0.0358203922884031,"8","Leading"
"358","119","male","B","8",100,14,94,8,"sub-119-Pl_9",0.782863544335855,0.0785137906329299,"9","Leading"
"359","119","male","B","8",100,14,94,8,"sub-119-Pl_10",0.78986704024336,0.0598950126851823,"10","Leading"
"360","110","female","B","3",60,8,94,8,"sub-110-Cl_1",0.755756794235362,0.0540693951686579,"1","Following"
"361","110","female","B","3",60,8,94,8,"sub-110-Cl_2",0.720172932865556,0.0511996075645523,"2","Following"
"362","110","female","B","3",60,8,94,8,"sub-110-Cl_3",0.636777612268655,0.0685134235886837,"3","Following"
"363","110","female","B","3",60,8,94,8,"sub-110-Cl_4",0.752617629642293,0.0626974859939208,"4","Following"
"364","110","female","B","3",60,8,94,8,"sub-110-Cl_5",0.652753642296367,0.0707777344341055,"5","Following"
"365","110","female","B","3",60,8,94,8,"sub-110-Cl_6",0.832193219650433,0.049428553568487,"6","Following"
"366","110","female","B","3",60,8,94,8,"sub-110-Cl_7",0.813252669304941,0.0376784715499961,"7","Following"
"367","110","female","B","3",60,8,94,8,"sub-110-Cl_8",0.792296691004806,0.0328347115216892,"8","Following"
"368","110","female","B","3",60,8,94,8,"sub-110-Cl_9",0.714546262346375,0.041401725081468,"9","Following"
"369","110","female","B","3",60,8,94,8,"sub-110-Cl_10",0.680310701447267,0.0668297935307686,"10","Following"
"370","110","female","B","3",60,8,94,8,"sub-110-Pl_1",0.852382758732416,0.0708718364281996,"1","Leading"
"371","110","female","B","3",60,8,94,8,"sub-110-Pl_2",0.841333475910158,0.0676779705336538,"2","Leading"
"372","110","female","B","3",60,8,94,8,"sub-110-Pl_3",0.749128138949256,0.0973662342524651,"3","Leading"
"373","110","female","B","3",60,8,94,8,"sub-110-Pl_4",0.857631232054773,0.0703206408071853,"4","Leading"
"374","110","female","B","3",60,8,94,8,"sub-110-Pl_5",0.875873369815296,0.0643036747193277,"5","Leading"
"375","110","female","B","3",60,8,94,8,"sub-110-Pl_6",0.762501607228047,0.103668682486457,"6","Leading"
"376","110","female","B","3",60,8,94,8,"sub-110-Pl_7",0.853335434193099,0.0447832204418601,"7","Leading"
"377","110","female","B","3",60,8,94,8,"sub-110-Pl_8",0.882495525634441,0.0842359907539135,"8","Leading"
"378","110","female","B","3",60,8,94,8,"sub-110-Pl_9",0.747867421611131,0.11690116125128,"9","Leading"
"379","110","female","B","3",60,8,94,8,"sub-110-Pl_10",0.891135898662071,0.059530523738576,"10","Leading"
"380","117","female","A","11",73,9,38,8,"sub-117-Cl_1",0.798277124818085,0.128680237197746,"1","Following"
"381","117","female","A","11",73,9,38,8,"sub-117-Cl_2",0.798226048667536,0.134258976086063,"2","Following"
"382","117","female","A","11",73,9,38,8,"sub-117-Cl_3",0.620329269687943,0.16516897924044,"3","Following"
"383","117","female","A","11",73,9,38,8,"sub-117-Cl_4",0.816155176163475,0.146014564383446,"4","Following"
"384","117","female","A","11",73,9,38,8,"sub-117-Cl_5",0.855645511620646,0.226738505847847,"5","Following"
"385","117","female","A","11",73,9,38,8,"sub-117-Cl_6",0.770760330669241,0.0911299897509584,"6","Following"
"386","117","female","A","11",73,9,38,8,"sub-117-Cl_7",0.887231750303232,0.159383208428302,"7","Following"
"387","117","female","A","11",73,9,38,8,"sub-117-Cl_8",0.722720378084027,0.192917914049341,"8","Following"
"388","117","female","A","11",73,9,38,8,"sub-117-Cl_9",0.605698174066106,0.0570466465187359,"9","Following"
"389","117","female","A","11",73,9,38,8,"sub-117-Cl_10",0.778688647062336,0.154526721868389,"10","Following"
"390","117","female","A","11",73,9,38,8,"sub-117-Pl_1",0.82972467590385,0.0718695277935403,"1","Leading"
"391","117","female","A","11",73,9,38,8,"sub-117-Pl_2",0.823958050728988,0.0410196174170082,"2","Leading"
"392","117","female","A","11",73,9,38,8,"sub-117-Pl_3",0.834330953694289,0.0359649166439175,"3","Leading"
"393","117","female","A","11",73,9,38,8,"sub-117-Pl_4",0.834765737003192,0.0945359017400993,"4","Leading"
"394","117","female","A","11",73,9,38,8,"sub-117-Pl_5",0.834083228972122,0.0381905053257117,"5","Leading"
"395","117","female","A","11",73,9,38,8,"sub-117-Pl_6",0.874852793099256,0.0379890601701207,"6","Leading"
"396","117","female","A","11",73,9,38,8,"sub-117-Pl_7",0.887636710175686,0.054662786332251,"7","Leading"
"397","117","female","A","11",73,9,38,8,"sub-117-Pl_8",0.913380816336573,0.154951320772916,"8","Leading"
"398","117","female","A","11",73,9,38,8,"sub-117-Pl_9",0.822541918801746,0.0513268428328127,"9","Leading"
"399","117","female","A","11",73,9,38,8,"sub-117-Pl_10",0.794688304487086,0.0568707754304248,"10","Leading"
"400","113","female","A","10",62,8,38,8,"sub-113-Cl_1",0.856367464718396,0.0868285956419991,"1","Following"
"401","113","female","A","10",62,8,38,8,"sub-113-Cl_2",0.787682354792161,0.0796977790381203,"2","Following"
"402","113","female","A","10",62,8,38,8,"sub-113-Cl_3",0.790991241357544,0.0778255655246796,"3","Following"
"403","113","female","A","10",62,8,38,8,"sub-113-Cl_4",0.725707058129138,0.0654740718264453,"4","Following"
"404","113","female","A","10",62,8,38,8,"sub-113-Cl_5",0.782600964521634,0.0560209710196381,"5","Following"
"405","113","female","A","10",62,8,38,8,"sub-113-Cl_6",0.812248538819234,0.0664741600069124,"6","Following"
"406","113","female","A","10",62,8,38,8,"sub-113-Cl_7",0.745381100515551,0.0993084399066253,"7","Following"
"407","113","female","A","10",62,8,38,8,"sub-113-Cl_8",0.649315076654976,0.186561821579158,"8","Following"
"408","113","female","A","10",62,8,38,8,"sub-113-Cl_9",0.779548658901258,0.0945599330635524,"9","Following"
"409","113","female","A","10",62,8,38,8,"sub-113-Cl_10",0.643137334217541,0.11888316427435,"10","Following"
"410","113","female","A","10",62,8,38,8,"sub-113-Pl_1",0.702047757503366,0.201254100329819,"1","Leading"
"411","113","female","A","10",62,8,38,8,"sub-113-Pl_2",0.730656028233626,0.196361623880362,"2","Leading"
"412","113","female","A","10",62,8,38,8,"sub-113-Pl_3",0.710208170428858,0.172302900436009,"3","Leading"
"413","113","female","A","10",62,8,38,8,"sub-113-Pl_4",0.797514041424728,0.159337373376743,"4","Leading"
"414","113","female","A","10",62,8,38,8,"sub-113-Pl_5",0.667259581858825,0.200301847506972,"5","Leading"
"415","113","female","A","10",62,8,38,8,"sub-113-Pl_6",0.831902823635162,0.163642795678772,"6","Leading"
"416","113","female","A","10",62,8,38,8,"sub-113-Pl_7",0.828371561000851,0.143715379494629,"7","Leading"
"417","113","female","A","10",62,8,38,8,"sub-113-Pl_8",0.701860559525396,0.14191254941358,"8","Leading"
"418","113","female","A","10",62,8,38,8,"sub-113-Pl_9",0.69229230751084,0.143468995231303,"9","Leading"
"419","113","female","A","10",62,8,38,8,"sub-113-Pl_10",0.82674968312933,0.130774639109028,"10","Leading"
"420","105","female","A","5",69,8,38,8,"sub-105-Cl_1",0.704188904265711,0.0715982490817086,"1","Following"
"421","105","female","A","5",69,8,38,8,"sub-105-Cl_2",0.780510168063218,0.0296838827247463,"2","Following"
"422","105","female","A","5",69,8,38,8,"sub-105-Cl_3",0.64062349800562,0.11850653623594,"3","Following"
"423","105","female","A","5",69,8,38,8,"sub-105-Cl_4",0.863619641987801,0.0313384221646873,"4","Following"
"424","105","female","A","5",69,8,38,8,"sub-105-Cl_5",0.737775700101246,0.0528844603660385,"5","Following"
"425","105","female","A","5",69,8,38,8,"sub-105-Cl_6",0.652352992509486,0.149457468929851,"6","Following"
"426","105","female","A","5",69,8,38,8,"sub-105-Cl_7",0.91458340096255,0.0589003303940475,"7","Following"
"427","105","female","A","5",69,8,38,8,"sub-105-Cl_8",0.892196702289995,0.0324044318417062,"8","Following"
"428","105","female","A","5",69,8,38,8,"sub-105-Cl_9",0.892816409631312,0.0630691433672375,"9","Following"
"429","105","female","A","5",69,8,38,8,"sub-105-Cl_10",0.742900671721356,0.0779328482932781,"10","Following"
"430","105","female","A","5",69,8,38,8,"sub-105-Pl_1",0.898807628347795,0.0310545581590089,"1","Leading"
"431","105","female","A","5",69,8,38,8,"sub-105-Pl_2",0.936714432806035,0.0306695193807711,"2","Leading"
"432","105","female","A","5",69,8,38,8,"sub-105-Pl_3",0.790881406859136,0.0568603670394768,"3","Leading"
"433","105","female","A","5",69,8,38,8,"sub-105-Pl_4",0.875824610762374,0.0316550028792681,"4","Leading"
"434","105","female","A","5",69,8,38,8,"sub-105-Pl_5",0.925510405024038,0.0318067460752266,"5","Leading"
"435","105","female","A","5",69,8,38,8,"sub-105-Pl_6",0.865852089775469,0.0455985096461955,"6","Leading"
"436","105","female","A","5",69,8,38,8,"sub-105-Pl_7",0.847574526828055,0.0412157704930636,"7","Leading"
"437","105","female","A","5",69,8,38,8,"sub-105-Pl_8",0.826310925765987,0.0564353684205893,"8","Leading"
"438","105","female","A","5",69,8,38,8,"sub-105-Pl_9",0.848371845249272,0.0386841437634534,"9","Leading"
"439","105","female","A","5",69,8,38,8,"sub-105-Pl_10",0.809094818689005,0.0446417505715865,"10","Leading"
"440","129","male","A","15",59,4,38,8,"sub-129-Cl_1",0.755837710112178,0.0405517295200556,"1","Following"
"441","129","male","A","15",59,4,38,8,"sub-129-Cl_2",0.852919643979721,0.021101081283176,"2","Following"
"442","129","male","A","15",59,4,38,8,"sub-129-Cl_3",0.534174981753605,0.0477218529750509,"3","Following"
"443","129","male","A","15",59,4,38,8,"sub-129-Cl_4",0.875421883446165,0.0699554859374054,"4","Following"
"444","129","male","A","15",59,4,38,8,"sub-129-Cl_5",0.69610822302482,0.0746609545033772,"5","Following"
"445","129","male","A","15",59,4,38,8,"sub-129-Cl_6",0.688796686444387,0.0497732668668648,"6","Following"
"446","129","male","A","15",59,4,38,8,"sub-129-Cl_7",0.835283688685334,0.0422252527556181,"7","Following"
"447","129","male","A","15",59,4,38,8,"sub-129-Cl_8",0.590406130603572,0.0712310031510573,"8","Following"
"448","129","male","A","15",59,4,38,8,"sub-129-Cl_9",0.673034716490631,0.0856772265397013,"9","Following"
"449","129","male","A","15",59,4,38,8,"sub-129-Cl_10",0.776004879213924,0.0433041611144354,"10","Following"
"450","129","male","A","15",59,4,38,8,"sub-129-Pl_1",0.867969184283197,0.0570121243584389,"1","Leading"
"451","129","male","A","15",59,4,38,8,"sub-129-Pl_2",0.697397941809352,0.0400725428217196,"2","Leading"
"452","129","male","A","15",59,4,38,8,"sub-129-Pl_3",0.816119982981871,0.029705570567271,"3","Leading"
"453","129","male","A","15",59,4,38,8,"sub-129-Pl_4",0.634244783011486,0.0332141469751265,"4","Leading"
"454","129","male","A","15",59,4,38,8,"sub-129-Pl_5",0.834895462579775,0.0535277117780383,"5","Leading"
"455","129","male","A","15",59,4,38,8,"sub-129-Pl_6",0.754710619687441,0.0145356891791039,"6","Leading"
"456","129","male","A","15",59,4,38,8,"sub-129-Pl_7",0.668235748138282,0.0279797722409655,"7","Leading"
"457","129","male","A","15",59,4,38,8,"sub-129-Pl_8",0.717354208115495,0.0478978761600418,"8","Leading"
"458","129","male","A","15",59,4,38,8,"sub-129-Pl_9",0.760079204404118,0.0267839665156659,"9","Leading"
"459","129","male","A","15",59,4,38,8,"sub-129-Pl_10",0.836928624816962,0.0419788830456391,"10","Leading"
"460","104","male","A","4",49,9,38,8,"sub-104-Cl_1",0.698435355644445,0.0602073602190559,"1","Following"
"461","104","male","A","4",49,9,38,8,"sub-104-Cl_2",0.822969446795288,0.0387045773940039,"2","Following"
"462","104","male","A","4",49,9,38,8,"sub-104-Cl_3",0.695712411559278,0.0430763727775207,"3","Following"
"463","104","male","A","4",49,9,38,8,"sub-104-Cl_4",0.67889910456624,0.0888614165298678,"4","Following"
"464","104","male","A","4",49,9,38,8,"sub-104-Cl_5",0.80016322096779,0.0300568942859228,"5","Following"
"465","104","male","A","4",49,9,38,8,"sub-104-Cl_6",0.678782837380973,0.0762978970574232,"6","Following"
"466","104","male","A","4",49,9,38,8,"sub-104-Cl_7",0.738350297859066,0.126541576690085,"7","Following"
"467","104","male","A","4",49,9,38,8,"sub-104-Cl_8",0.855291275692459,0.0526353028554261,"8","Following"
"468","104","male","A","4",49,9,38,8,"sub-104-Cl_9",0.782987272023797,0.044929987162917,"9","Following"
"469","104","male","A","4",49,9,38,8,"sub-104-Cl_10",0.754356560990584,0.0425576474424174,"10","Following"
"470","104","male","A","4",49,9,38,8,"sub-104-Pl_1",0.761634079108963,0.0569844272461017,"1","Leading"
"471","104","male","A","4",49,9,38,8,"sub-104-Pl_2",0.85106252294592,0.0534678395501542,"2","Leading"
"472","104","male","A","4",49,9,38,8,"sub-104-Pl_3",0.782124619140738,0.0491497166352034,"3","Leading"
"473","104","male","A","4",49,9,38,8,"sub-104-Pl_4",0.964184774707037,0.0328605040564076,"4","Leading"
"474","104","male","A","4",49,9,38,8,"sub-104-Pl_5",0.681935824247855,0.0511662672333121,"5","Leading"
"475","104","male","A","4",49,9,38,8,"sub-104-Pl_6",0.835237433976713,0.0532799909184637,"6","Leading"
"476","104","male","A","4",49,9,38,8,"sub-104-Pl_7",0.922110353662759,0.0354008542864259,"7","Leading"
"477","104","male","A","4",49,9,38,8,"sub-104-Pl_8",0.82558027540829,0.0757145617357139,"8","Leading"
"478","104","male","A","4",49,9,38,8,"sub-104-Pl_9",0.666805504296962,0.0691006163056516,"9","Leading"
"479","104","male","A","4",49,9,38,8,"sub-104-Pl_10",0.645514522676176,0.0508471187844884,"10","Leading"
"480","112","male","A","9",59,9,38,8,"sub-112-Cl_1",0.639734131205523,0.0539409312081867,"1","Following"
"481","112","male","A","9",59,9,38,8,"sub-112-Cl_2",0.767621848578038,0.0825796846560605,"2","Following"
"482","112","male","A","9",59,9,38,8,"sub-112-Cl_3",0.787845566743497,0.0596723731907939,"3","Following"
"483","112","male","A","9",59,9,38,8,"sub-112-Cl_4",0.837120540307715,0.0778700799375046,"4","Following"
"484","112","male","A","9",59,9,38,8,"sub-112-Cl_5",0.852141350437315,0.072810122028101,"5","Following"
"485","112","male","A","9",59,9,38,8,"sub-112-Cl_6",0.875631521853155,0.0636794602976277,"6","Following"
"486","112","male","A","9",59,9,38,8,"sub-112-Cl_7",0.887839536966017,0.0358954760348894,"7","Following"
"487","112","male","A","9",59,9,38,8,"sub-112-Cl_8",0.835506595091447,0.063682757341974,"8","Following"
"488","112","male","A","9",59,9,38,8,"sub-112-Cl_9",0.883896865349893,0.0541897155370538,"9","Following"
"489","112","male","A","9",59,9,38,8,"sub-112-Cl_10",0.87480467737808,0.0590538330103751,"10","Following"
"490","112","male","A","9",59,9,38,8,"sub-112-Pl_1",0.883372903148128,0.0884895054063788,"1","Leading"
"491","112","male","A","9",59,9,38,8,"sub-112-Pl_2",0.60658145508022,0.0728221781859146,"2","Leading"
"492","112","male","A","9",59,9,38,8,"sub-112-Pl_3",0.777971424436875,0.0868728026110254,"3","Leading"
"493","112","male","A","9",59,9,38,8,"sub-112-Pl_4",0.872800888794171,0.0631013821092561,"4","Leading"
"494","112","male","A","9",59,9,38,8,"sub-112-Pl_5",0.813438969903223,0.0839546104027329,"5","Leading"
"495","112","male","A","9",59,9,38,8,"sub-112-Pl_6",0.874133864442986,0.0503481618381186,"6","Leading"
"496","112","male","A","9",59,9,38,8,"sub-112-Pl_7",0.825680551252126,0.0529869136400159,"7","Leading"
"497","112","male","A","9",59,9,38,8,"sub-112-Pl_8",0.737135270654669,0.0833570319505052,"8","Leading"
"498","112","male","A","9",59,9,38,8,"sub-112-Pl_9",0.819159884066949,0.0497464484726029,"9","Leading"
"499","112","male","A","9",59,9,38,8,"sub-112-Pl_10",0.835949499287848,0.0459533240954225,"10","Leading"
"500","123","male","B","11",54,7,94,8,"sub-123-Cl_1",0.65480090974188,0.058775425796647,"1","Following"
"501","123","male","B","11",54,7,94,8,"sub-123-Cl_2",0.924708074393911,0.151744719381106,"2","Following"
"502","123","male","B","11",54,7,94,8,"sub-123-Cl_3",0.721223262829175,0.175824732281872,"3","Following"
"503","123","male","B","11",54,7,94,8,"sub-123-Cl_4",0.92015149982201,0.184411323049804,"4","Following"
"504","123","male","B","11",54,7,94,8,"sub-123-Cl_5",0.634804842118572,0.171565059198868,"5","Following"
"505","123","male","B","11",54,7,94,8,"sub-123-Cl_6",0.819818542963257,0.0548643855273578,"6","Following"
"506","123","male","B","11",54,7,94,8,"sub-123-Cl_7",0.735877417285317,0.0374899338513806,"7","Following"
"507","123","male","B","11",54,7,94,8,"sub-123-Cl_8",0.739343454884134,0.0364158830767529,"8","Following"
"508","123","male","B","11",54,7,94,8,"sub-123-Cl_9",0.712067439185622,0.0372871421502144,"9","Following"
"509","123","male","B","11",54,7,94,8,"sub-123-Cl_10",0.782224584866665,0.0506784103410013,"10","Following"
"510","123","male","B","11",54,7,94,8,"sub-123-Pl_1",0.808406252254902,0.038766835123078,"1","Leading"
"511","123","male","B","11",54,7,94,8,"sub-123-Pl_2",0.802655033084581,0.0687876069840022,"2","Leading"
"512","123","male","B","11",54,7,94,8,"sub-123-Pl_3",0.757444576974873,0.061865816276008,"3","Leading"
"513","123","male","B","11",54,7,94,8,"sub-123-Pl_4",0.868390135678349,0.0302818090545645,"4","Leading"
"514","123","male","B","11",54,7,94,8,"sub-123-Pl_5",0.888618387820095,0.0516209952947103,"5","Leading"
"515","123","male","B","11",54,7,94,8,"sub-123-Pl_6",0.944136049354267,0.0706433916465438,"6","Leading"
"516","123","male","B","11",54,7,94,8,"sub-123-Pl_7",0.900085075036271,0.0574418265757934,"7","Leading"
"517","123","male","B","11",54,7,94,8,"sub-123-Pl_8",0.901534782135152,0.0325336635332476,"8","Leading"
"518","123","male","B","11",54,7,94,8,"sub-123-Pl_9",0.933351302713265,0.0281945027350311,"9","Leading"
"519","123","male","B","11",54,7,94,8,"sub-123-Pl_10",0.921371027303997,0.0285406118154268,"10","Leading"
"520","127","female","B","14",70,11,94,8,"sub-127-Cl_1",0.724722632912941,0.0312846471931893,"1","Following"
"521","127","female","B","14",70,11,94,8,"sub-127-Cl_2",0.735569625790807,0.0795477367238514,"2","Following"
"522","127","female","B","14",70,11,94,8,"sub-127-Cl_3",0.877252735612671,0.0659292848000834,"3","Following"
"523","127","female","B","14",70,11,94,8,"sub-127-Cl_4",0.922999863017441,0.0792142147752923,"4","Following"
"524","127","female","B","14",70,11,94,8,"sub-127-Cl_5",0.872496504235413,0.073530925103598,"5","Following"
"525","127","female","B","14",70,11,94,8,"sub-127-Cl_6",0.934856441056596,0.0683836576050566,"6","Following"
"526","127","female","B","14",70,11,94,8,"sub-127-Cl_7",0.955366527458014,0.0761354839225424,"7","Following"
"527","127","female","B","14",70,11,94,8,"sub-127-Cl_8",0.954551759079595,0.0685946408028961,"8","Following"
"528","127","female","B","14",70,11,94,8,"sub-127-Cl_9",0.838340383367149,0.0723110973845437,"9","Following"
"529","127","female","B","14",70,11,94,8,"sub-127-Cl_10",0.942796546415957,0.0820036800348458,"10","Following"
"530","127","female","B","14",70,11,94,8,"sub-127-Pl_1",0.885695545198275,0.0639646928422256,"1","Leading"
"531","127","female","B","14",70,11,94,8,"sub-127-Pl_2",0.84882824096862,0.0907757555996897,"2","Leading"
"532","127","female","B","14",70,11,94,8,"sub-127-Pl_3",0.903629801235181,0.067710039393945,"3","Leading"
"533","127","female","B","14",70,11,94,8,"sub-127-Pl_4",0.875125459593747,0.0343237033420662,"4","Leading"
"534","127","female","B","14",70,11,94,8,"sub-127-Pl_5",0.898310779908296,0.0743231569252545,"5","Leading"
"535","127","female","B","14",70,11,94,8,"sub-127-Pl_6",0.896827622130092,0.0930421575309333,"6","Leading"
"536","127","female","B","14",70,11,94,8,"sub-127-Pl_7",0.87777966570385,0.0359223393931922,"7","Leading"
"537","127","female","B","14",70,11,94,8,"sub-127-Pl_8",0.902168748872116,0.0759429083925524,"8","Leading"
"538","127","female","B","14",70,11,94,8,"sub-127-Pl_9",0.894191361250862,0.0354731608995068,"9","Leading"
"539","127","female","B","14",70,11,94,8,"sub-127-Pl_10",0.91110380527779,0.0431613647798264,"10","Leading"
"540","122","male","B","10",73,10,94,8,"sub-122-Cl_1",0.867898003599414,0.0501319458401344,"1","Following"
"541","122","male","B","10",73,10,94,8,"sub-122-Cl_2",0.805912052009525,0.0476435537852616,"2","Following"
"542","122","male","B","10",73,10,94,8,"sub-122-Cl_3",0.866475379599301,0.0808878555692691,"3","Following"
"543","122","male","B","10",73,10,94,8,"sub-122-Cl_4",0.747136822680739,0.0616812613437939,"4","Following"
"544","122","male","B","10",73,10,94,8,"sub-122-Cl_5",0.730945605342658,0.0571485186122443,"5","Following"
"545","122","male","B","10",73,10,94,8,"sub-122-Cl_6",0.749256374768005,0.0726904801436265,"6","Following"
"546","122","male","B","10",73,10,94,8,"sub-122-Cl_7",0.853074684250858,0.0937502685004065,"7","Following"
"547","122","male","B","10",73,10,94,8,"sub-122-Cl_8",0.758983979221095,0.104672789982525,"8","Following"
"548","122","male","B","10",73,10,94,8,"sub-122-Cl_9",0.89476880892204,0.0881596459482334,"9","Following"
"549","122","male","B","10",73,10,94,8,"sub-122-Cl_10",0.810824799807893,0.108446659715117,"10","Following"
"550","122","male","B","10",73,10,94,8,"sub-122-Pl_1",0.91799501027536,0.105442993885873,"1","Leading"
"551","122","male","B","10",73,10,94,8,"sub-122-Pl_2",0.891162276099486,0.049610782529242,"2","Leading"
"552","122","male","B","10",73,10,94,8,"sub-122-Pl_3",0.871732881371695,0.0577538935984321,"3","Leading"
"553","122","male","B","10",73,10,94,8,"sub-122-Pl_4",0.9175118803288,0.0249426526031779,"4","Leading"
"554","122","male","B","10",73,10,94,8,"sub-122-Pl_5",0.91739040320671,0.017001760432071,"5","Leading"
"555","122","male","B","10",73,10,94,8,"sub-122-Pl_6",0.785833083653295,0.0652777181199533,"6","Leading"
"556","122","male","B","10",73,10,94,8,"sub-122-Pl_7",0.912000333336301,0.0305580491923823,"7","Leading"
"557","122","male","B","10",73,10,94,8,"sub-122-Pl_8",0.879136071615681,0.0244773519725381,"8","Leading"
"558","122","male","B","10",73,10,94,8,"sub-122-Pl_9",0.810057643011418,0.0342646001012851,"9","Leading"
"559","122","male","B","10",73,10,94,8,"sub-122-Pl_10",0.746708966715565,0.0424140045516613,"10","Leading"
